Campaign,Budget,Campaign Type,Networks,Languages,Bid Strategy Type,Campaign Status,Ad Group,Ad Group Status,Max CPC,Keyword,Criterion Type,Status,Ad Type,Headline 1,Headline 2,Headline 3,Headline 4,Headline 5,Headline 6,Headline 7,Headline 8,Headline 9,Headline 10,Headline 11,Headline 12,Description 1,Description 2,Description 3,Description 4,Path 1,Path 2,Final URL
Brunelle — Autorité Blainville,11.50,Search,Google search,fr;en,Maximize clicks,Paused,,,,,,,,,,,,,,,,,,,,,,,,,,
Brunelle — Autorité Blainville,,,,,,,,,,emploi,Negative Phrase,Enabled,,,,,,,,,,,,,,,,,,,,
Brunelle — Autorité Blainville,,,,,,,,,,carrière,Negative Phrase,Enabled,,,,,,,,,,,,,,,,,,,,
Brunelle — Autorité Blainville,,,,,,,,,,salaire,Negative Phrase,Enabled,,,,,,,,,,,,,,,,,,,,
Brunelle — Autorité Blainville,,,,,,,,,,formation,Negative Phrase,Enabled,,,,,,,,,,,,,,,,,,,,
Brunelle — Autorité Blainville,,,,,,,,,,cours,Negative Phrase,Enabled,,,,,,,,,,,,,,,,,,,,
Brunelle — Autorité Blainville,,,,,,,,,,devenir courtier,Negative Phrase,Enabled,,,,,,,,,,,,,,,,,,,,
Brunelle — Autorité Blainville,,,,,,,,,,oaciq,Negative Phrase,Enabled,,,,,,,,,,,,,,,,,,,,
Brunelle — Autorité Blainville,,,,,,,,,,stage,Negative Phrase,Enabled,,,,,,,,,,,,,,,,,,,,
Brunelle — Autorité Blainville,,,,,,,,,,à louer,Negative Phrase,Enabled,,,,,,,,,,,,,,,,,,,,
Brunelle — Autorité Blainville,,,,,,,,,,location,Negative Phrase,Enabled,,,,,,,,,,,,,,,,,,,,
Brunelle — Autorité Blainville,,,,,,,,,,appartement,Negative Phrase,Enabled,,,,,,,,,,,,,,,,,,,,
Brunelle — Autorité Blainville,,,,,,,,,,logement,Negative Phrase,Enabled,,,,,,,,,,,,,,,,,,,,
Brunelle — Autorité Blainville,,,,,,,,,,condo à louer,Negative Phrase,Enabled,,,,,,,,,,,,,,,,,,,,
Brunelle — Autorité Blainville,,,,,,,,,,duproprio,Negative Phrase,Enabled,,,,,,,,,,,,,,,,,,,,
Brunelle — Autorité Blainville,,,,,,,,,,sans commission,Negative Phrase,Enabled,,,,,,,,,,,,,,,,,,,,
Brunelle — Autorité Blainville,,,,,,,,,,centris,Negative Phrase,Enabled,,,,,,,,,,,,,,,,,,,,
Brunelle — Autorité Blainville,,,,,,,,,,définition,Negative Phrase,Enabled,,,,,,,,,,,,,,,,,,,,
Brunelle — Autorité Blainville,,,,,,,,,,c'est quoi,Negative Phrase,Enabled,,,,,,,,,,,,,,,,,,,,
Brunelle — Autorité Blainville,,,,,,,,,,maison à vendre,Negative Phrase,Enabled,,,,,,,,,,,,,,,,,,,,
Brunelle — Autorité Blainville,,,,,,,,,,emplois,Negative Phrase,Enabled,,,,,,,,,,,,,,,,,,,,
Brunelle — Autorité Blainville,,,,,,,,,,job,Negative Phrase,Enabled,,,,,,,,,,,,,,,,,,,,
Brunelle — Autorité Blainville,,,,,,,Courtier Blainville,Enabled,4.00,,,,,,,,,,,,,,,,,,,,,,,
Brunelle — Autorité Blainville,,,,,,,Courtier Blainville,,,courtier immobilier blainville,Exact,Enabled,,,,,,,,,,,,,,,,,,,,
Brunelle — Autorité Blainville,,,,,,,Courtier Blainville,,,courtier immobilier blainville,Phrase,Enabled,,,,,,,,,,,,,,,,,,,,
Brunelle — Autorité Blainville,,,,,,,Courtier Blainville,,,agent immobilier blainville,Exact,Enabled,,,,,,,,,,,,,,,,,,,,
Brunelle — Autorité Blainville,,,,,,,Courtier Blainville,,,agent immobilier blainville,Phrase,Enabled,,,,,,,,,,,,,,,,,,,,
Brunelle — Autorité Blainville,,,,,,,Courtier Blainville,,,courtier immobilier remax blainville,Exact,Enabled,,,,,,,,,,,,,,,,,,,,
Brunelle — Autorité Blainville,,,,,,,Courtier Blainville,,,meilleur courtier immobilier blainville,Exact,Enabled,,,,,,,,,,,,,,,,,,,,
Brunelle — Autorité Blainville,,,,,,,Courtier Blainville,,,courtier blainville,Phrase,Enabled,,,,,,,,,,,,,,,,,,,,
Brunelle — Autorité Blainville,,,,,,,Courtier Blainville,,,,,Enabled,Responsive search ad,Courtier immobilier Blainville,"Alain Brunelle, RE/MAX Crystal",33 ans d'expérience locale,3000+ transactions Rive-Nord,Évaluation gratuite en 48 h,Top 5 % RE/MAX Québec,Un seul interlocuteur,Expert du marché de Blainville,Réponse en moins de 24 h,Depuis 1992 sur la Rive-Nord,Analyse chiffrée du marché,Vendre au bon prix,"Alain Brunelle, courtier RE/MAX Crystal : 33 ans et 3000+ transactions sur la Rive-Nord.","Vous parlez au courtier du début à la fin, pas à une équipe. Réponse en moins de 24 h.","Expert de Blainville : Fontainebleau, Chambéry, Chante-Bois, Alençon. Depuis 1992.","Évaluation gratuite livrée en 48 h, fondée sur les ventes réelles de votre quartier.",courtier,blainville,https://alainbrunelle.com/courtier-immobilier/blainville/
Brunelle — Autorité Blainville,,,,,,,Vendre — Blainville,Enabled,4.00,,,,,,,,,,,,,,,,,,,,,,,
Brunelle — Autorité Blainville,,,,,,,Vendre — Blainville,,,vendre ma maison blainville,Exact,Enabled,,,,,,,,,,,,,,,,,,,,
Brunelle — Autorité Blainville,,,,,,,Vendre — Blainville,,,vendre ma maison blainville,Phrase,Enabled,,,,,,,,,,,,,,,,,,,,
Brunelle — Autorité Blainville,,,,,,,Vendre — Blainville,,,vendre sa maison blainville,Exact,Enabled,,,,,,,,,,,,,,,,,,,,
Brunelle — Autorité Blainville,,,,,,,Vendre — Blainville,,,vendre maison blainville,Phrase,Enabled,,,,,,,,,,,,,,,,,,,,
Brunelle — Autorité Blainville,,,,,,,Vendre — Blainville,,,courtier pour vendre blainville,Phrase,Enabled,,,,,,,,,,,,,,,,,,,,
Brunelle — Autorité Blainville,,,,,,,Vendre — Blainville,,,,,Enabled,Responsive search ad,Vendre sa maison à Blainville,Évaluation gratuite en 48 h,"Alain Brunelle, RE/MAX Crystal",33 ans d'expérience locale,3000+ transactions Rive-Nord,Vendre au bon prix,Un seul interlocuteur,Mise en marché sur mesure,Réponse en moins de 24 h,Sans engagement,Expert du marché de Blainville,Top 5 % RE/MAX Québec,"Vendez au bon prix à Blainville : évaluation gratuite en 48 h, fondée sur les données.","33 ans, 3000+ transactions. Avec Alain Brunelle vous parlez au courtier, pas à une équipe.",Stratégie de mise en marché sur mesure et négociation menée par un expert de Blainville.,"Réponse en moins de 24 h. Sans engagement. Alain Brunelle, courtier RE/MAX Crystal.",vendre,blainville,https://alainbrunelle.com/vendre/evaluation-gratuite/
Brunelle — Autorité Blainville,,,,,,,Évaluation — Blainville,Enabled,4.00,,,,,,,,,,,,,,,,,,,,,,,
Brunelle — Autorité Blainville,,,,,,,Évaluation — Blainville,,,combien vaut ma maison blainville,Exact,Enabled,,,,,,,,,,,,,,,,,,,,
Brunelle — Autorité Blainville,,,,,,,Évaluation — Blainville,,,combien vaut ma maison blainville,Phrase,Enabled,,,,,,,,,,,,,,,,,,,,
Brunelle — Autorité Blainville,,,,,,,Évaluation — Blainville,,,evaluation maison blainville,Exact,Enabled,,,,,,,,,,,,,,,,,,,,
Brunelle — Autorité Blainville,,,,,,,Évaluation — Blainville,,,évaluation maison blainville,Phrase,Enabled,,,,,,,,,,,,,,,,,,,,
Brunelle — Autorité Blainville,,,,,,,Évaluation — Blainville,,,faire évaluer sa maison blainville,Phrase,Enabled,,,,,,,,,,,,,,,,,,,,
Brunelle — Autorité Blainville,,,,,,,Évaluation — Blainville,,,valeur de ma maison blainville,Exact,Enabled,,,,,,,,,,,,,,,,,,,,
Brunelle — Autorité Blainville,,,,,,,Évaluation — Blainville,,,,,Enabled,Responsive search ad,Combien vaut votre maison ?,Évaluation gratuite en 48 h,Valeur de ma maison Blainville,"Alain Brunelle, RE/MAX Crystal",Analyse chiffrée du marché,Comparables de votre rue,33 ans d'expérience locale,3000+ transactions Rive-Nord,Réponse en moins de 24 h,Sans engagement,Expert du marché de Blainville,Un seul interlocuteur,Découvrez la valeur réelle de votre maison à Blainville. Évaluation gratuite en 48 h.,Fondée sur les ventes réelles de votre quartier et les chiffres APCIQ. Sans engagement.,"Alain Brunelle, courtier RE/MAX Crystal : 33 ans et 3000+ transactions sur la Rive-Nord.","Comparables de votre rue, analyse chiffrée, réponse en moins de 24 h.",evaluation,blainville,https://alainbrunelle.com/vendre/evaluation-gratuite/
